Characteristic,Year,Value
NUMBER OF FACTORIES,1981-82,105037
FIXED CAPITAL,1981-82,3470259
WORKING CAPITAL,1981-82,1505488
INVESTED CAPITAL,1981-82,5399127
OUTSTANDING LOANS,1981-82,3349934
NUMBER OF WORKERS,1981-82,6105622
MANDAYS-WORKERS,1981-82,1686248
NUMBER OF EMPLOYEES,1981-82,7777868
MANDAYS-EMPLOYEES,1981-82,2154214
TOTAL PERSON ENGAGED,1981-82,7894254
WAGES TO WORKERS,1981-82,439417
TOTAL EMOLUMENTS,1981-82,677753
OLD AGE BENEFITS,1981-82,50425
SOCIAL SECURITY BENEFITS,1981-82,13832
OTHER BENEFITS,1981-82,25872
FUELS CONSUMED,1981-82,524730
MATERIAL CONSUMED,1981-82,4354078
TOTAL INPUTS,1981-82,5694900
PRODUCTS,1981-82,6539253
VALUE OF OUTPUT,1981-82,7363046
DEPRECIATION,1981-82,216889
NET VALUE ADDED,1981-82,1451257
RENT PAID,1981-82,16881
INTEREST PAID,1981-82,326918
NET INCOME,1981-82,1107458
NET FIXED CAPITAL FORMATION,1981-82,507756
GROSS FIXED CAPITAL FORMATION,1981-82,724646
" (I) MATERIAL,FUELS ETC.",1981-82,134693
 (II) SEMI FINISHED GOODS,1981-82,42637
 (iii) FINISHED GOODS,1981-82,104065
 (IV) TOTAL,1981-82,281401
GROSS CAPITAL FORMATION,1981-82,1006054
PROFITS,1981-82,339576
NUMBER OF FACTORIES,1982-83,93166
FIXED CAPITAL,1982-83,4100600
WORKING CAPITAL,1982-83,1631988
INVESTED CAPITAL,1982-83,6299198
OUTSTANDING LOANS,1982-83,3852135
NUMBER OF WORKERS,1982-83,6312673
MANDAYS-WORKERS,1982-83,1791856
NUMBER OF EMPLOYEES,1982-83,8009792
MANDAYS-EMPLOYEES,1982-83,2337524
TOTAL PERSON ENGAGED,1982-83,8166168
WAGES TO WORKERS,1982-83,514828
TOTAL EMOLUMENTS,1982-83,804609
OLD AGE BENEFITS,1982-83,57412
SOCIAL SECURITY BENEFITS,1982-83,17531
OTHER BENEFITS,1982-83,28602
FUELS CONSUMED,1982-83,649889
MATERIAL CONSUMED,1982-83,5041668
TOTAL INPUTS,1982-83,6709650
PRODUCTS,1982-83,7676689
VALUE OF OUTPUT,1982-83,8623768
DEPRECIATION,1982-83,246754
NET VALUE ADDED,1982-83,1667368
RENT PAID,1982-83,19706
INTEREST PAID,1982-83,407611
NET INCOME,1982-83,1240051
NET FIXED CAPITAL FORMATION,1982-83,539614
GROSS FIXED CAPITAL FORMATION,1982-83,786368
" (I) MATERIAL,FUELS ETC.",1982-83,56659
 (II) SEMI FINISHED GOODS,1982-83,41053
 (iii) FINISHED GOODS,1982-83,151451
 (IV) TOTAL,1982-83,249163
GROSS CAPITAL FORMATION,1982-83,1035532
PROFITS,1982-83,331897
NUMBER OF FACTORIES,1983-84,96706
FIXED CAPITAL,1983-84,4860554
WORKING CAPITAL,1983-84,1850402
INVESTED CAPITAL,1983-84,7249434
OUTSTANDING LOANS,1983-84,4811656
NUMBER OF WORKERS,1983-84,6158837
MANDAYS-WORKERS,1983-84,1851719
NUMBER OF EMPLOYEES,1983-84,7824121
MANDAYS-EMPLOYEES,1983-84,2383165
TOTAL PERSON ENGAGED,1983-84,7994406
WAGES TO WORKERS,1983-84,592078
TOTAL EMOLUMENTS,1983-84,921825
OLD AGE BENEFITS,1983-84,67713
SOCIAL SECURITY BENEFITS,1983-84,17566
OTHER BENEFITS,1983-84,36482
FUELS CONSUMED,1983-84,784560
MATERIAL CONSUMED,1983-84,5533507
TOTAL INPUTS,1983-84,7001692
PRODUCTS,1983-84,8802296
VALUE OF OUTPUT,1983-84,9353741
DEPRECIATION,1983-84,338331
NET VALUE ADDED,1983-84,2013718
RENT PAID,1983-84,22460
INTEREST PAID,1983-84,469881
NET INCOME,1983-84,1521377
NET FIXED CAPITAL FORMATION,1983-84,621321
GROSS FIXED CAPITAL FORMATION,1983-84,959652
" (I) MATERIAL,FUELS ETC.",1983-84,76564
 (II) SEMI FINISHED GOODS,1983-84,45241
 (iii) FINISHED GOODS,1983-84,38385
 (IV) TOTAL,1983-84,160190
GROSS CAPITAL FORMATION,1983-84,1119842
PROFITS,1983-84,477971
NUMBER OF FACTORIES,1984-85,100328
FIXED CAPITAL,1984-85,5484211
WORKING CAPITAL,1984-85,2232323
INVESTED CAPITAL,1984-85,8050202
OUTSTANDING LOANS,1984-85,5247519
NUMBER OF WORKERS,1984-85,6091409
MANDAYS-WORKERS,1984-85,1855498
NUMBER OF EMPLOYEES,1984-85,7871712
MANDAYS-EMPLOYEES,1984-85,2406722
TOTAL PERSON ENGAGED,1984-85,7981370
WAGES TO WORKERS,1984-85,675730
TOTAL EMOLUMENTS,1984-85,1066021
OLD AGE BENEFITS,1984-85,78487
SOCIAL SECURITY BENEFITS,1984-85,19607
OTHER BENEFITS,1984-85,42628
FUELS CONSUMED,1984-85,918471
MATERIAL CONSUMED,1984-85,6419685
TOTAL INPUTS,1984-85,8062437
PRODUCTS,1984-85,9915008
VALUE OF OUTPUT,1984-85,10556600
DEPRECIATION,1984-85,405448
NET VALUE ADDED,1984-85,2088716
RENT PAID,1984-85,25852
INTEREST PAID,1984-85,533774
NET INCOME,1984-85,1529089
NET FIXED CAPITAL FORMATION,1984-85,622010
GROSS FIXED CAPITAL FORMATION,1984-85,1027458
" (I) MATERIAL,FUELS ETC.",1984-85,116086
 (II) SEMI FINISHED GOODS,1984-85,51077
 (iii) FINISHED GOODS,1984-85,-17935
 (IV) TOTAL,1984-85,149228
GROSS CAPITAL FORMATION,1984-85,1176687
PROFITS,1984-85,322345
NUMBER OF FACTORIES,1985-86,101016
FIXED CAPITAL,1985-86,6008524
WORKING CAPITAL,1985-86,2379864
INVESTED CAPITAL,1985-86,8811181
OUTSTANDING LOANS,1985-86,6207203
NUMBER OF WORKERS,1985-86,5819169
MANDAYS-WORKERS,1985-86,1795111
NUMBER OF EMPLOYEES,1985-86,7471515
MANDAYS-EMPLOYEES,1985-86,2298690
TOTAL PERSON ENGAGED,1985-86,7584007
WAGES TO WORKERS,1985-86,709209
TOTAL EMOLUMENTS,1985-86,1108113
OLD AGE BENEFITS,1985-86,86622
SOCIAL SECURITY BENEFITS,1985-86,24747
OTHER BENEFITS,1985-86,41751
FUELS CONSUMED,1985-86,1099034
MATERIAL CONSUMED,1985-86,7443229
TOTAL INPUTS,1985-86,9248839
PRODUCTS,1985-86,11272340
VALUE OF OUTPUT,1985-86,11945705
DEPRECIATION,1985-86,440053
NET VALUE ADDED,1985-86,2256813
RENT PAID,1985-86,32566
INTEREST PAID,1985-86,614809
NET INCOME,1985-86,1609438
NET FIXED CAPITAL FORMATION,1985-86,643242
GROSS FIXED CAPITAL FORMATION,1985-86,1083295
" (I) MATERIAL,FUELS ETC.",1985-86,126457
 (II) SEMI FINISHED GOODS,1985-86,43134
 (iii) FINISHED GOODS,1985-86,124124
 (IV) TOTAL,1985-86,293715
GROSS CAPITAL FORMATION,1985-86,1377010
PROFITS,1985-86,348205
NUMBER OF FACTORIES,1986-87,97957
FIXED CAPITAL,1986-87,6723094
WORKING CAPITAL,1986-87,2180329
INVESTED CAPITAL,1986-87,9769297
OUTSTANDING LOANS,1986-87,7009633
NUMBER OF WORKERS,1986-87,5806866
MANDAYS-WORKERS,1986-87,1789947
NUMBER OF EMPLOYEES,1986-87,7441879
MANDAYS-EMPLOYEES,1986-87,2325830
TOTAL PERSON ENGAGED,1986-87,7548755
WAGES TO WORKERS,1986-87,785043
TOTAL EMOLUMENTS,1986-87,1229918
OLD AGE BENEFITS,1986-87,97271
SOCIAL SECURITY BENEFITS,1986-87,28534
OTHER BENEFITS,1986-87,43008
FUELS CONSUMED,1986-87,1205704
MATERIAL CONSUMED,1986-87,8110653
TOTAL INPUTS,1986-87,10284440
PRODUCTS,1986-87,12461540
VALUE OF OUTPUT,1986-87,13304352
DEPRECIATION,1986-87,464687
NET VALUE ADDED,1986-87,2555224
RENT PAID,1986-87,35942
INTEREST PAID,1986-87,708763
NET INCOME,1986-87,1810520
NET FIXED CAPITAL FORMATION,1986-87,650461
GROSS FIXED CAPITAL FORMATION,1986-87,1115148
" (I) MATERIAL,FUELS ETC.",1986-87,108627
 (II) SEMI FINISHED GOODS,1986-87,24492
 (iii) FINISHED GOODS,1986-87,135469
 (IV) TOTAL,1986-87,268588
GROSS CAPITAL FORMATION,1986-87,1383736
PROFITS,1986-87,411789
NUMBER OF FACTORIES,1987-88,102596
FIXED CAPITAL,1987-88,7847463
WORKING CAPITAL,1987-88,2755102
INVESTED CAPITAL,1987-88,11393383
OUTSTANDING LOANS,1987-88,7943693
NUMBER OF WORKERS,1987-88,6061786
MANDAYS-WORKERS,1987-88,1871201
NUMBER OF EMPLOYEES,1987-88,7785580
MANDAYS-EMPLOYEES,1987-88,2425810
TOTAL PERSON ENGAGED,1987-88,7903826
WAGES TO WORKERS,1987-88,893370
TOTAL EMOLUMENTS,1987-88,1408105
OLD AGE BENEFITS,1987-88,109067
SOCIAL SECURITY BENEFITS,1987-88,30863
OTHER BENEFITS,1987-88,49227
FUELS CONSUMED,1987-88,1432489
MATERIAL CONSUMED,1987-88,9394302
TOTAL INPUTS,1987-88,11938728
PRODUCTS,1987-88,14449855
VALUE OF OUTPUT,1987-88,15397307
DEPRECIATION,1987-88,625220
NET VALUE ADDED,1987-88,2833360
RENT PAID,1987-88,44751
INTEREST PAID,1987-88,862606
NET INCOME,1987-88,1926003
NET FIXED CAPITAL FORMATION,1987-88,811991
GROSS FIXED CAPITAL FORMATION,1987-88,1437211
" (I) MATERIAL,FUELS ETC.",1987-88,284960
 (II) SEMI FINISHED GOODS,1987-88,41782
 (iii) FINISHED GOODS,1987-88,119144
 (IV) TOTAL,1987-88,445886
GROSS CAPITAL FORMATION,1987-88,1883097
PROFITS,1987-88,328741
NUMBER OF FACTORIES,1988-89,104077
FIXED CAPITAL,1988-89,8912356
WORKING CAPITAL,1988-89,2724616
INVESTED CAPITAL,1988-89,13297905
OUTSTANDING LOANS,1988-89,6546478
NUMBER OF WORKERS,1988-89,6026328
MANDAYS-WORKERS,1988-89,1851385
NUMBER OF EMPLOYEES,1988-89,7743344
MANDAYS-EMPLOYEES,1988-89,2400364
TOTAL PERSON ENGAGED,1988-89,7858281
WAGES TO WORKERS,1988-89,1029223
TOTAL EMOLUMENTS,1988-89,1572832
OLD AGE BENEFITS,1988-89,156623*
SOCIAL SECURITY BENEFITS,1988-89,114538*
FUELS CONSUMED,1988-89,1418122
MATERIAL CONSUMED,1988-89,11496681
TOTAL INPUTS,1988-89,14258830
PRODUCTS,1988-89,17308978
VALUE OF OUTPUT,1988-89,18434878
DEPRECIATION,1988-89,712568
NET VALUE ADDED,1988-89,3463480
RENT PAID,1988-89,59620
INTEREST PAID,1988-89,969355
NET INCOME,1988-89,2434505
NET FIXED CAPITAL FORMATION,1988-89,806184
GROSS FIXED CAPITAL FORMATION,1988-89,1518752
" (I) MATERIAL,FUELS ETC.",1988-89,541945
 (II) SEMI FINISHED GOODS,1988-89,107758
 (iii) FINISHED GOODS,1988-89,276387
 (IV) TOTAL,1988-89,926090
GROSS CAPITAL FORMATION,1988-89,2444842
PROFITS,1988-89,590512
NUMBER OF FACTORIES,1989-90,107992
FIXED CAPITAL,1989-90,10692778
WORKING CAPITAL,1989-90,3386365
INVESTED CAPITAL,1989-90,15914036
OUTSTANDING LOANS,1989-90,8430536
NUMBER OF WORKERS,1989-90,6326541
MANDAYS-WORKERS,1989-90,1962805
NUMBER OF EMPLOYEES,1989-90,8142550
MANDAYS-EMPLOYEES,1989-90,2549238
TOTAL PERSON ENGAGED,1989-90,8256712
WAGES TO WORKERS,1989-90,1179567
TOTAL EMOLUMENTS,1989-90,1840888
OLD AGE BENEFITS,1989-90,193407
SOCIAL SECURITY BENEFITS,1989-90,131946
OTHER BENEFITS,1989-90,1789759
FUELS CONSUMED,1989-90,14407490
MATERIAL CONSUMED,1989-90,17871549
TOTAL INPUTS,1989-90,21580473
PRODUCTS,1989-90,23004199
VALUE OF OUTPUT,1989-90,866369
DEPRECIATION,1989-90,4266281
NET VALUE ADDED,1989-90,72808
RENT PAID,1989-90,1213680
INTEREST PAID,1989-90,2979793
NET INCOME,1989-90,1150248
NET FIXED CAPITAL FORMATION,1989-90,2016617
ADDITION IN STOCK OF,1989-90,408877
" (I) MATERIAL,FUELS ETC.",1989-90,107467
 (II) SEMI FINISHED GOODS,1989-90,187941
 (iii) FINISHED GOODS,1989-90,704286
 (IV) TOTAL,1989-90,2720902
GROSS CAPITAL FORMATION,1989-90,813552
NUMBER OF FACTORIES,1990-91,110179
FIXED CAPITAL,1990-91,13364756
WORKING CAPITAL,1990-91,4252036
INVESTED CAPITAL,1990-91,19491285
OUTSTANDING LOANS,1990-91,10456557
NUMBER OF WORKERS,1990-91,6307143
MANDAYS-WORKERS,1990-91,1949506
NUMBER OF EMPLOYEES,1990-91,8162504
MANDAYS-EMPLOYEES,1990-91,2542346
TOTAL PERSON ENGAGED,1990-91,8279403
WAGES TO WORKERS,1990-91,1319205
TOTAL EMOLUMENTS,1990-91,2058633
OLD AGE BENEFITS,1990-91,216438
SOCIAL SECURITY BENEFITS,1990-91,160118
OTHER BENEFITS,1990-91,2089975
FUELS CONSUMED,1990-91,16694319
MATERIAL CONSUMED,1990-91,20898600
TOTAL INPUTS,1990-91,25275671
PRODUCTS,1990-91,27056353
VALUE OF OUTPUT,1990-91,1006294
DEPRECIATION,1990-91,5151459
NET VALUE ADDED,1990-91,88474
RENT PAID,1990-91,1488850
INTEREST PAID,1990-91,3574136
NET INCOME,1990-91,1422965
NET FIXED CAPITAL FORMATION,1990-91,2429259
ADDITION IN STOCK OF,1990-91,400620
" (I) MATERIAL,FUELS ETC.",1990-91,118404
 (II) SEMI FINISHED GOODS,1990-91,307620
 (iii) FINISHED GOODS,1990-91,826643
 (IV) TOTAL,1990-91,3255902
GROSS CAPITAL FORMATION,1990-91,1138947
NUMBER OF FACTORIES,1991-92,112286
FIXED CAPITAL,1991-92,15190240
WORKING CAPITAL,1991-92,4446816
INVESTED CAPITAL,1991-92,22123418
OUTSTANDING LOANS,1991-92,11018723
NUMBER OF WORKERS,1991-92,6269039
MANDAYS-WORKERS,1991-92,1935646
NUMBER OF EMPLOYEES,1991-92,8193590
MANDAYS-EMPLOYEES,1991-92,2557384
TOTAL PERSON ENGAGED,1991-92,8319563
WAGES TO WORKERS,1991-92,1358263
TOTAL EMOLUMENTS,1991-92,2097048
OLD AGE BENEFITS,1991-92,236399
SOCIAL SECURITY BENEFITS,1991-92,185441
OTHER BENEFITS,1991-92,2405611
FUELS CONSUMED,1991-92,18540808
MATERIAL CONSUMED,1991-92,23302799
TOTAL INPUTS,1991-92,27960785
PRODUCTS,1991-92,29919581
VALUE OF OUTPUT,1991-92,1134080
DEPRECIATION,1991-92,5482702
NET VALUE ADDED,1991-92,119117
RENT PAID,1991-92,1881190
INTEREST PAID,1991-92,3482395
NET INCOME,1991-92,1926934
NET FIXED CAPITAL FORMATION,1991-92,3061014
ADDITION IN STOCK OF,1991-92,274343
" (I) MATERIAL,FUELS ETC.",1991-92,142502
 (II) SEMI FINISHED GOODS,1991-92,366595
 (iii) FINISHED GOODS,1991-92,783440
 (IV) TOTAL,1991-92,3844455
GROSS CAPITAL FORMATION,1991-92,963507
NUMBER OF FACTORIES,1992-93,119494
FIXED CAPITAL,1992-93,19287139
WORKING CAPITAL,1992-93,6249011
INVESTED CAPITAL,1992-93,27772858
OUTSTANDING LOANS,1992-93,16128731
NUMBER OF WORKERS,1992-93,6649310
MANDAYS-WORKERS,1992-93,2040458
NUMBER OF EMPLOYEES,1992-93,8704947
MANDAYS-EMPLOYEES,1992-93,2715117
TOTAL PERSON ENGAGED,1992-93,8835952
WAGES TO WORKERS,1992-93,1683112
TOTAL EMOLUMENTS,1992-93,2756026
OLD AGE BENEFITS,1992-93,284256
SOCIAL SECURITY BENEFITS,1992-93,228257
OTHER BENEFITS,1992-93,3107273
FUELS CONSUMED,1992-93,22369361
MATERIAL CONSUMED,1992-93,28294279
TOTAL INPUTS,1992-93,34224991
PRODUCTS,1992-93,36861377
VALUE OF OUTPUT,1992-93,1442279
DEPRECIATION,1992-93,7124819
NET VALUE ADDED,1992-93,140144
RENT PAID,1992-93,2262427
INTEREST PAID,1992-93,4722248
NET INCOME,1992-93,2161825
NET FIXED CAPITAL FORMATION,1992-93,3604104
ADDITION IN STOCK OF,1992-93,1210489
" (I) MATERIAL,FUELS ETC.",1992-93,151052
 (II) SEMI FINISHED GOODS,1992-93,679089
 (iii) FINISHED GOODS,1992-93,2040630
 (IV) TOTAL,1992-93,5644734
GROSS CAPITAL FORMATION,1992-93,1453708
NUMBER OF FACTORIES,1993-94,121594
FIXED CAPITAL,1993-94,22441333
WORKING CAPITAL,1993-94,8710857
INVESTED CAPITAL,1993-94,32054715
OUTSTANDING LOANS,1993-94,16271340
NUMBER OF WORKERS,1993-94,6632323
MANDAYS-WORKERS,1993-94,2045434
NUMBER OF EMPLOYEES,1993-94,8707909
MANDAYS-EMPLOYEES,1993-94,2726927
TOTAL PERSON ENGAGED,1993-94,8837716
WAGES TO WORKERS,1993-94,1759741
TOTAL EMOLUMENTS,1993-94,2863967
OLD AGE BENEFITS,1993-94,337756
SOCIAL SECURITY BENEFITS,1993-94,254955
OTHER BENEFITS,1993-94,3372470
FUELS CONSUMED,1993-94,25482640
MATERIAL CONSUMED,1993-94,32085518
TOTAL INPUTS,1993-94,39295990
PRODUCTS,1993-94,42574425
VALUE OF OUTPUT,1993-94,1645508
DEPRECIATION,1993-94,8843399
NET VALUE ADDED,1993-94,181329
RENT PAID,1993-94,2345535
INTEREST PAID,1993-94,6316535
NET INCOME,1993-94,1076841
NET FIXED CAPITAL FORMATION,1993-94,2722348
ADDITION IN STOCK OF,1993-94,368835
" (I) MATERIAL,FUELS ETC.",1993-94,70186
 (II) SEMI FINISHED GOODS,1993-94,112695
 (iii) FINISHED GOODS,1993-94,551715
 (IV) TOTAL,1993-94,3274064
GROSS CAPITAL FORMATION,1993-94,2859858
NUMBER OF FACTORIES,1994-95,123010
FIXED CAPITAL,1994-95,27764512
WORKING CAPITAL,1994-95,8729632
INVESTED CAPITAL,1994-95,38753459
OUTSTANDING LOANS,1994-95,20637103
NUMBER OF WORKERS,1994-95,6970116
MANDAYS-WORKERS,1994-95,2163012
NUMBER OF EMPLOYEES,1994-95,9102407
MANDAYS-EMPLOYEES,1994-95,2854829
TOTAL PERSON ENGAGED,1994-95,9227097
WAGES TO WORKERS,1994-95,2201946
TOTAL EMOLUMENTS,1994-95,3534151
OLD AGE BENEFITS,1994-95,377664
SOCIAL SECURITY BENEFITS,1994-95,306388
OTHER BENEFITS,1994-95,4039065
FUELS CONSUMED,1994-95,31167489
MATERIAL CONSUMED,1994-95,39079472
TOTAL INPUTS,1994-95,48041810
PRODUCTS,1994-95,51798701
VALUE OF OUTPUT,1994-95,1867530
DEPRECIATION,1994-95,10851699
NET VALUE ADDED,1994-95,234507
RENT PAID,1994-95,2678240
INTEREST PAID,1994-95,7938952
NET INCOME,1994-95,4084716
NET FIXED CAPITAL FORMATION,1994-95,5952246
ADDITION IN STOCK OF,1994-95,1015813
" (I) MATERIAL,FUELS ETC.",1994-95,205142
 (II) SEMI FINISHED GOODS,1994-95,543698
 (iii) FINISHED GOODS,1994-95,1764653
 (IV) TOTAL,1994-95,7716898
GROSS CAPITAL FORMATION,1994-95,3720750
NUMBER OF FACTORIES,1995-96,134571
FIXED CAPITAL,1995-96,34846773
WORKING CAPITAL,1995-96,10766313
INVESTED CAPITAL,1995-96,48996925
OUTSTANDING LOANS,1995-96,24693365
NUMBER OF WORKERS,1995-96,7632297
MANDAYS-WORKERS,1995-96,2393812
NUMBER OF EMPLOYEES,1995-96,10044697
MANDAYS-EMPLOYEES,1995-96,3196414
TOTAL PERSON ENGAGED,1995-96,10222169
WAGES TO WORKERS,1995-96,2797035
TOTAL EMOLUMENTS,1995-96,4511605
OLD AGE BENEFITS,1995-96,471214
SOCIAL SECURITY BENEFITS,1995-96,575882
OTHER BENEFITS,1995-96,4850854
FUELS CONSUMED,1995-96,41037867
MATERIAL CONSUMED,1995-96,50749118
TOTAL INPUTS,1995-96,62112876
PRODUCTS,1995-96,67051423
VALUE OF OUTPUT,1995-96,2362586
DEPRECIATION,1995-96,13939719
NET VALUE ADDED,1995-96,387506
RENT PAID,1995-96,3588806
INTEREST PAID,1995-96,9963407
NET INCOME,1995-96,4549401
NET FIXED CAPITAL FORMATION,1995-96,6911987
ADDITION IN STOCK OF,1995-96,997418
" (I) MATERIAL,FUELS ETC.",1995-96,341036
 (II) SEMI FINISHED GOODS,1995-96,811985
 (iii) FINISHED GOODS,1995-96,2150439
 (IV) TOTAL,1995-96,9062426
GROSS CAPITAL FORMATION,1995-96,4404706
NUMBER OF FACTORIES,1996-97,132814
FIXED CAPITAL,1996-97,38004439
WORKING CAPITAL,1996-97,17165931
INVESTED CAPITAL,1996-97,52215413
OUTSTANDING LOANS,1996-97,25960884
NUMBER OF WORKERS,1996-97,7208143
MANDAYS-WORKERS,1996-97,2303625
NUMBER OF EMPLOYEES,1996-97,9448643
MANDAYS-EMPLOYEES,1996-97,3037414
TOTAL PERSON ENGAGED,1996-97,9536282
WAGES TO WORKERS,1996-97,2655459
TOTAL EMOLUMENTS,1996-97,4640358
OLD AGE BENEFITS,1996-97,537849
SOCIAL SECURITY BENEFITS,1996-97,409225
OTHER BENEFITS,1996-97,5464718
FUELS CONSUMED,1996-97,40820342
MATERIAL CONSUMED,1996-97,55691484
TOTAL INPUTS,1996-97,64506637
PRODUCTS,1996-97,74180838
VALUE OF OUTPUT,1996-97,2753467
DEPRECIATION,1996-97,15735887
NET VALUE ADDED,1996-97,426234
RENT PAID,1996-97,3994437
INTEREST PAID,1996-97,9886483
NET INCOME,1996-97,5246127
NET FIXED CAPITAL FORMATION,1996-97,7993659
ADDITION IN STOCK OF,1996-97,510717
" (I) MATERIAL,FUELS ETC.",1996-97,115897
 (II) SEMI FINISHED GOODS,1996-97,749995
 (iii) FINISHED GOODS,1996-97,1376609
 (IV) TOTAL,1996-97,9370268
GROSS CAPITAL FORMATION,1996-97,4197844
NUMBER OF FACTORIES,1997-98,136012
FIXED CAPITAL,1997-98,42308227
WORKING CAPITAL,1997-98,15461658
INVESTED CAPITAL,1997-98,57682603
OUTSTANDING LOANS,1997-98,32460512
NUMBER OF WORKERS,1997-98,7652254
MANDAYS-WORKERS,1997-98,N.A
NUMBER OF EMPLOYEES,1997-98,9997573
MANDAYS-EMPLOYEES,1997-98,N.A
TOTAL PERSON ENGAGED,1997-98,10073485
WAGES TO WORKERS,1997-98,2978167
TOTAL EMOLUMENTS,1997-98,5237112
OLD AGE BENEFITS,1997-98,973758
SOCIAL SECURITY BENEFITS,1997-98,N.A
OTHER BENEFITS,1997-98,6058270
FUELS CONSUMED,1997-98,45842264
MATERIAL CONSUMED,1997-98,63809899
TOTAL INPUTS,1997-98,71411682
PRODUCTS,1997-98,83633644
VALUE OF OUTPUT,1997-98,3179621
DEPRECIATION,1997-98,16644124
NET VALUE ADDED,1997-98,418451
RENT PAID,1997-98,4560700
INTEREST PAID,1997-98,11664973
NET INCOME,1997-98,4049844
NET FIXED CAPITAL FORMATION,1997-98,7227085
ADDITION IN STOCK OF,1997-98,225865
" (I) MATERIAL,FUELS ETC.",1997-98,118595
 (II) SEMI FINISHED GOODS,1997-98,632195
 (iii) FINISHED GOODS,1997-98,976655
 (IV) TOTAL,1997-98,8203739
GROSS CAPITAL FORMATION,1997-98,5445612
NUMBER OF FACTORIES,1998-99,131706
FIXED CAPITAL,1998-99,39115145
WORKING CAPITAL,1998-99,10274034
INVESTED CAPITAL,1998-99,53706813
OUTSTANDING LOANS,1998-99,22820981
NUMBER OF WORKERS,1998-99,6364464
MANDAYS-WORKERS,1998-99,N.A
NUMBER OF EMPLOYEES,1998-99,8588581
MANDAYS-EMPLOYEES,1998-99,N.A
TOTAL PERSON ENGAGED,1998-99,N.A
WAGES TO WORKERS,1998-99,2482648
TOTAL EMOLUMENTS,1998-99,4462585
OLD AGE BENEFITS,1998-99,N.A
SOCIAL SECURITY BENEFITS,1998-99,N.A
OTHER BENEFITS,1998-99,4625952
FUELS CONSUMED,1998-99,44447997
MATERIAL CONSUMED,1998-99,61004389
TOTAL INPUTS,1998-99,68102731
PRODUCTS,1998-99,78377081
VALUE OF OUTPUT,1998-99,2826587
DEPRECIATION,1998-99,14546105
NET VALUE ADDED,1998-99,409083
RENT PAID,1998-99,3969283
INTEREST PAID,1998-99,10167739
NET INCOME,1998-99,4080495
NET FIXED CAPITAL FORMATION,1998-99,6907081
ADDITION IN STOCK OF,1998-99,3754
" (I) MATERIAL,FUELS ETC.",1998-99,135366
 (II) SEMI FINISHED GOODS,1998-99,171599
 (iii) FINISHED GOODS,1998-99,310719
 (IV) TOTAL,1998-99,7217800
GROSS CAPITAL FORMATION,1998-99,4730623
NUMBER OF FACTORIES,1999-2000,131558
FIXED CAPITAL,1999-2000,40186473
WORKING CAPITAL,1999-2000,10378436
INVESTED CAPITAL,1999-2000,56663430
OUTSTANDING LOANS,1999-2000,25378161
NUMBER OF WORKERS,1999-2000,6280659
MANDAYS-WORKERS,1999-2000,1904067
NUMBER OF EMPLOYEES,1999-2000,N.A
MANDAYS-EMPLOYEES,1999-2000,2482671
TOTAL PERSON ENGAGED,1999-2000,8172836
WAGES TO WORKERS,1999-2000,2630427
TOTAL EMOLUMENTS,1999-2000,4784351
OLD AGE BENEFITS,1999-2000,683228
SOCIAL SECURITY BENEFITS,1999-2000,455567
OTHER BENEFITS,1999-2000,5519803
FUELS CONSUMED,1999-2000,52516779
MATERIAL CONSUMED,1999-2000,70936465
TOTAL INPUTS,1999-2000,78311715
PRODUCTS,1999-2000,89793835
VALUE OF OUTPUT,1999-2000,3359929
DEPRECIATION,1999-2000,15497442
NET VALUE ADDED,1999-2000,453117
RENT PAID,1999-2000,4387703
INTEREST PAID,1999-2000,10656621
NET INCOME,1999-2000,1507954
NET FIXED CAPITAL FORMATION,1999-2000,4867882
ADDITION IN STOCK OF,1999-2000,749937
" (I) MATERIAL,FUELS ETC.",1999-2000,153976
 (II) SEMI FINISHED GOODS,1999-2000,694739
 (iii) FINISHED GOODS,1999-2000,1598652
 (IV) TOTAL,1999-2000,6466535
GROSS CAPITAL FORMATION,1999-2000,4733475
NUMBER OF FACTORIES,2000-2001,131268
FIXED CAPITAL,2000-2001,39960422
WORKING CAPITAL,2000-2001,10520839
INVESTED CAPITAL,2000-2001,57179940
OUTSTANDING LOANS,2000-2001,25795392
NUMBER OF WORKERS,2000-2001,6135238
MANDAYS-WORKERS,2000-2001,1858844
NUMBER OF EMPLOYEES,2000-2001,7917810
MANDAYS-EMPLOYEES,2000-2001,2411969
TOTAL PERSON ENGAGED,2000-2001,7987780
WAGES TO WORKERS,2000-2001,2767074
TOTAL EMOLUMENTS,2000-2001,5071873
OLD AGE BENEFITS,2000-2001,665095
SOCIAL SECURITY BENEFITS,2000-2001,448770
OTHER BENEFITS,2000-2001,5896802
FUELS CONSUMED,2000-2001,56144875
MATERIAL CONSUMED,2000-2001,74855152
TOTAL INPUTS,2000-2001,81847916
PRODUCTS,2000-2001,92690185
VALUE OF OUTPUT,2000-2001,3472893
DEPRECIATION,2000-2001,14362141
NET VALUE ADDED,2000-2001,407862
RENT PAID,2000-2001,4198659
INTEREST PAID,2000-2001,9755619
NET INCOME,2000-2001,1215034
NET FIXED CAPITAL FORMATION,2000-2001,4687927
ADDITION IN STOCK OF,2000-2001,236267
" (I) MATERIAL,FUELS ETC.",2000-2001,232012
 (II) SEMI FINISHED GOODS,2000-2001,985274
 (iii) FINISHED GOODS,2000-2001,1453553
 (IV) TOTAL,2000-2001,6141480
GROSS CAPITAL FORMATION,2000-2001,3569880
NUMBER OF FACTORIES,2001-2002,128549
FIXED CAPITAL,2001-2002,43196013
WORKING CAPITAL,2001-2002,10040585
INVESTED CAPITAL,2001-2002,60591285
OUTSTANDING LOANS,2001-2002,26921926
NUMBER OF WORKERS,2001-2002,5957848
MANDAYS-WORKERS,2001-2002,1800576
NUMBER OF EMPLOYEES,2001-2002,7686654
MANDAYS-EMPLOYEES,2001-2002,2332893
TOTAL PERSON ENGAGED,2001-2002,7750366
WAGES TO WORKERS,2001-2002,2743824
TOTAL EMOLUMENTS,2001-2002,5105957
OLD AGE BENEFITS,2001-2002,780680
SOCIAL SECURITY BENEFITS,2001-2002,458284
OTHER BENEFITS,2001-2002,5972579
FUELS CONSUMED,2001-2002,58796122
MATERIAL CONSUMED,2001-2002,77922749
TOTAL INPUTS,2001-2002,84936649
PRODUCTS,2001-2002,96245663
VALUE OF OUTPUT,2001-2002,3892702
DEPRECIATION,2001-2002,14430212
NET VALUE ADDED,2001-2002,375118
RENT PAID,2001-2002,4221788
INTEREST PAID,2001-2002,9833306
NET INCOME,2001-2002,3122442
NET FIXED CAPITAL FORMATION,2001-2002,7015145
ADDITION IN STOCK OF,2001-2002,333170
" (I) MATERIAL,FUELS ETC.",2001-2002,78730
 (II) SEMI FINISHED GOODS,2001-2002,-39746
 (iii) FINISHED GOODS,2001-2002,372154
 (IV) TOTAL,2001-2002,7387299
GROSS CAPITAL FORMATION,2001-2002,3488385
NUMBER OF FACTORIES,2002-2003,127957
FIXED CAPITAL,2002-2003,44475938
WORKING CAPITAL,2002-2003,10012110
INVESTED CAPITAL,2002-2003,63747308
OUTSTANDING LOANS,2002-2003,26339233
NUMBER OF WORKERS,2002-2003,6161493
MANDAYS-WORKERS,2002-2003,1870226
NUMBER OF EMPLOYEES,2002-2003,7870529
MANDAYS-EMPLOYEES,2002-2003,2397579
TOTAL PERSON ENGAGED,2002-2003,7935948
WAGES TO WORKERS,2002-2003,2968905
TOTAL EMOLUMENTS,2002-2003,5515801
OLD AGE BENEFITS,2002-2003,815297
SOCIAL SECURITY BENEFITS,2002-2003,503115
OTHER BENEFITS,2002-2003,6657582
FUELS CONSUMED,2002-2003,70077245
MATERIAL CONSUMED,2002-2003,91618549
TOTAL INPUTS,2002-2003,100128587
PRODUCTS,2002-2003,113056111
VALUE OF OUTPUT,2002-2003,4203558
DEPRECIATION,2002-2003,17234004
NET VALUE ADDED,2002-2003,379356
RENT PAID,2002-2003,3835182
INTEREST PAID,2002-2003,13019466
NET INCOME,2002-2003,541866
NET FIXED CAPITAL FORMATION,2002-2003,4745424
ADDITION IN STOCK OF,2002-2003,1087077
" (I) MATERIAL,FUELS ETC.",2002-2003,229669
 (II) SEMI FINISHED GOODS,2002-2003,335468
 (iii) FINISHED GOODS,2002-2003,1652214
 (IV) TOTAL,2002-2003,6397638
GROSS CAPITAL FORMATION,2002-2003,6185254
NUMBER OF FACTORIES,2003-04,129074
FIXED CAPITAL,2003-04,47333140
WORKING CAPITAL,2003-04,11923049
INVESTED CAPITAL,2003-04,67959786
OUTSTANDING LOANS,2003-04,28977564
NUMBER OF WORKERS,2003-04,6086908
MANDAYS-WORKERS,2003-04,1840986
NUMBER OF EMPLOYEES,2003-04,7803395
MANDAYS-EMPLOYEES,2003-04,2368602
TOTAL PERSON ENGAGED,2003-04,7870081
WAGES TO WORKERS,2003-04,3047777
TOTAL EMOLUMENTS,2003-04,5833675
OLD AGE BENEFITS,2003-04,878363
SOCIAL SECURITY BENEFITS,2003-04,533395
OTHER BENEFITS,2003-04,9198216
FUELS CONSUMED,2003-04,77501526
MATERIAL CONSUMED,2003-04,103962329
TOTAL INPUTS,2003-04,113574250
PRODUCTS,2003-04,128740055
VALUE OF OUTPUT,2003-04,4482349
DEPRECIATION,2003-04,20295377
NET VALUE ADDED,2003-04,416084
RENT PAID,2003-04,3397229
INTEREST PAID,2003-04,16482065
NET INCOME,2003-04,1271031
NET FIXED CAPITAL FORMATION,2003-04,5753380
ADDITION IN STOCK OF,2003-04,1318920
" (I) MATERIAL,FUELS ETC.",2003-04,130864
 (II) SEMI FINISHED GOODS,2003-04,215599
 (iii) FINISHED GOODS,2003-04,1665383
 (IV) TOTAL,2003-04,7418762
GROSS CAPITAL FORMATION,2003-04,9236632
NUMBER OF FACTORIES,2004-05,136353
FIXED CAPITAL,2004-05,51306925
WORKING CAPITAL,2004-05,16005396
INVESTED CAPITAL,2004-05,75941770
OUTSTANDING LOANS,2004-05,33463375
NUMBER OF WORKERS,2004-05,6599298
MANDAYS-WORKERS,2004-05,1995220
NUMBER OF EMPLOYEES,2004-05,8383278
MANDAYS-EMPLOYEES,2004-05,2544598
TOTAL PERSON ENGAGED,2004-05,8453624
WAGES TO WORKERS,2004-05,3363505
TOTAL EMOLUMENTS,2004-05,6440594
OLD AGE BENEFITS,2004-05,807614
SOCIAL SECURITY BENEFITS,2004-05,583074
OTHER BENEFITS,2004-05,8585384
FUELS CONSUMED,2004-05,102434747
MATERIAL CONSUMED,2004-05,136294133
TOTAL INPUTS,2004-05,144520293
PRODUCTS,2004-05,167256142
VALUE OF OUTPUT,2004-05,4971324
DEPRECIATION,2004-05,25990686
NET VALUE ADDED,2004-05,453845
RENT PAID,2004-05,3245360
INTEREST PAID,2004-05,22291481
NET INCOME,2004-05,2553722
NET FIXED CAPITAL FORMATION,2004-05,7525046
ADDITION IN STOCK OF,2004-05,2377486
" (I) MATERIAL,FUELS ETC.",2004-05,642020
 (II) SEMI FINISHED GOODS,2004-05,462739
 (iii) FINISHED GOODS,2004-05,3482245
 (IV) TOTAL,2004-05,11007290
GROSS CAPITAL FORMATION,2004-05,14460199
NUMBER OF FACTORIES,2005-06,140160
FIXED CAPITAL,2005-06,60694028
WORKING CAPITAL,2005-06,18446260
INVESTED CAPITAL,2005-06,90157861
OUTSTANDING LOANS,2005-06,35150737
NUMBER OF WORKERS,2005-06,7136097
MANDAYS-WORKERS,2005-06,2154187
NUMBER OF EMPLOYEES,2005-06,9038523
MANDAYS-EMPLOYEES,2005-06,2739729
TOTAL PERSON ENGAGED,2005-06,9111680
WAGES TO WORKERS,2005-06,3766366
TOTAL EMOLUMENTS,2005-06,7400820
OLD AGE BENEFITS,2005-06,857258
SOCIAL SECURITY BENEFITS,2005-06,612293
OTHER BENEFITS,2005-06,9662969
FUELS CONSUMED,2005-06,120428441
MATERIAL CONSUMED,2005-06,154365843
TOTAL INPUTS,2005-06,169755185
PRODUCTS,2005-06,190835548
VALUE OF OUTPUT,2005-06,5283286
DEPRECIATION,2005-06,31186419
NET VALUE ADDED,2005-06,529948
RENT PAID,2005-06,3339801
INTEREST PAID,2005-06,27316670
NET INCOME,2005-06,7324388
NET FIXED CAPITAL FORMATION,2005-06,12607674
ADDITION IN STOCK OF,2005-06,2178056
" (I) MATERIAL,FUELS ETC.",2005-06,853964
 (II) SEMI FINISHED GOODS,2005-06,1517008
 (iii) FINISHED GOODS,2005-06,4549027
 (IV) TOTAL,2005-06,17156701
GROSS CAPITAL FORMATION,2005-06,18446298
NUMBER OF FACTORIES,2006-07,144710
FIXED CAPITAL,2006-07,71513139
WORKING CAPITAL,2006-07,28218880
INVESTED CAPITAL,2006-07,107150382
OUTSTANDING LOANS,2006-07,42858882
NUMBER OF WORKERS,2006-07,7880536
MANDAYS-WORKERS,2006-07,2383707
NUMBER OF EMPLOYEES,2006-07,10252148
MANDAYS-EMPLOYEES,2006-07,3034322
TOTAL PERSON ENGAGED,2006-07,10328434
WAGES TO WORKERS,2006-07,4429135
TOTAL EMOLUMENTS,2006-07,8875099
OLD AGE BENEFITS,2006-07,1029960
SOCIAL SECURITY BENEFITS,2006-07,753445
OTHER BENEFITS,2006-07,12006706
FUELS CONSUMED,2006-07,151177096
MATERIAL CONSUMED,2006-07,194836758
TOTAL INPUTS,2006-07,212863582
PRODUCTS,2006-07,240854764
VALUE OF OUTPUT,2006-07,6445480
DEPRECIATION,2006-07,39572526
NET VALUE ADDED,2006-07,640399
RENT PAID,2006-07,4131128
INTEREST PAID,2006-07,34800999
NET INCOME,2006-07,7987020
NET FIXED CAPITAL FORMATION,2006-07,14432500
ADDITION IN STOCK OF,2006-07,2926206
" (I) MATERIAL,FUELS ETC.",2006-07,927755
 (II) SEMI FINISHED GOODS,2006-07,1646496
 (iii) FINISHED GOODS,2006-07,5500458
 (IV) TOTAL,2006-07,19932958
GROSS CAPITAL FORMATION,2006-07,24142496
NUMBER OF FACTORIES,2007-08,146385
FIXED CAPITAL,2007-08,84513209
WORKING CAPITAL,2007-08,31695306
INVESTED CAPITAL,2007-08,128012553
OUTSTANDING LOANS,2007-08,45399645
NUMBER OF WORKERS,2007-08,8198110
MANDAYS-WORKERS,2007-08,2477465
NUMBER OF EMPLOYEES,2007-08,10378495
MANDAYS-EMPLOYEES,2007-08,3144881
TOTAL PERSON ENGAGED,2007-08,10452535
WAGES TO WORKERS,2007-08,5103023
TOTAL EMOLUMENTS,2007-08,10544284
OLD AGE BENEFITS,2007-08,1106509
SOCIAL SECURITY BENEFITS,2007-08,851638
OTHER BENEFITS,2007-08,12956170
FUELS CONSUMED,2007-08,175288695
MATERIAL CONSUMED,2007-08,222295282
TOTAL INPUTS,2007-08,247071651
PRODUCTS,2007-08,277570904
VALUE OF OUTPUT,2007-08,7116354
DEPRECIATION,2007-08,48159268
NET VALUE ADDED,2007-08,750549
RENT PAID,2007-08,5148688
INTEREST PAID,2007-08,42260031
NET INCOME,2007-08,10662743
NET FIXED CAPITAL FORMATION,2007-08,17779098
ADDITION IN STOCK OF,2007-08,4952720
" (I) MATERIAL,FUELS ETC.",2007-08,1060215
 (II) SEMI FINISHED GOODS,2007-08,2437910
 (iii) FINISHED GOODS,2007-08,8450845
 (IV) TOTAL,2007-08,26229942
GROSS CAPITAL FORMATION,2007-08,29757600
NUMBER OF FACTORIES,2008-09,155321
FIXED CAPITAL,2008-09,105596614
WORKING CAPITAL,2008-09,31123298
INVESTED CAPITAL,2008-09,153517773
OUTSTANDING LOANS,2008-09,53641948
NUMBER OF WORKERS,2008-09,8776745
MANDAYS-WORKERS,2008-09,2660547
NUMBER OF EMPLOYEES,2008-09,11252793
MANDAYS-EMPLOYEES,2008-09,3386622
TOTAL PERSON ENGAGED,2008-09,11327485
WAGES TO WORKERS,2008-09,5977184
TOTAL EMOLUMENTS,2008-09,12944123
OLD AGE BENEFITS,2008-09,1284077
SOCIAL SECURITY BENEFITS,2008-09,1005420
OTHER BENEFITS,2008-09,15216203
FUELS CONSUMED,2008-09,206598245
MATERIAL CONSUMED,2008-09,266148638
TOTAL INPUTS,2008-09,286314842
PRODUCTS,2008-09,327279786
VALUE OF OUTPUT,2008-09,8354590
DEPRECIATION,2008-09,52776558
NET VALUE ADDED,2008-09,975778
RENT PAID,2008-09,6868048
INTEREST PAID,2008-09,44932732
NET INCOME,2008-09,14240111
NET FIXED CAPITAL FORMATION,2008-09,22594701
ADDITION IN STOCK OF,2008-09,1974707
" (I) MATERIAL,FUELS ETC.",2008-09,909350
 (II) SEMI FINISHED GOODS,2008-09,679786
 (iii) FINISHED GOODS,2008-09,3563843
 (IV) TOTAL,2008-09,26158544
GROSS CAPITAL FORMATION,2008-09,29699112
NUMBER OF FACTORIES,2009-10,158877
FIXED CAPITAL,2009-10,135218367
WORKING CAPITAL,2009-10,38774453
INVESTED CAPITAL,2009-10,193305395
OUTSTANDING LOANS,2009-10,66300983
NUMBER OF WORKERS,2009-10,9157802
MANDAYS-WORKERS,2009-10,2783026
NUMBER OF EMPLOYEES,2009-10,11722631
MANDAYS-EMPLOYEES,2009-10,3574683
TOTAL PERSON ENGAGED,2009-10,11792055
WAGES TO WORKERS,2009-10,6894071
TOTAL EMOLUMENTS,2009-10,14700696
OLD AGE BENEFITS,2009-10,1493962
SOCIAL SECURITY BENEFITS,2009-10,1191381
OTHER BENEFITS,2009-10,16160001
FUELS CONSUMED,2009-10,240909606
MATERIAL CONSUMED,2009-10,303585334
TOTAL INPUTS,2009-10,330614199
PRODUCTS,2009-10,373303593
VALUE OF OUTPUT,2009-10,10506872
DEPRECIATION,2009-10,59211387
NET VALUE ADDED,2009-10,1200490
RENT PAID,2009-10,7331793
INTEREST PAID,2009-10,50679104
NET INCOME,2009-10,16323196
NET FIXED CAPITAL FORMATION,2009-10,26830068
ADDITION IN STOCK OF,2009-10,5323903
" (I) MATERIAL,FUELS ETC.",2009-10,1902222
 (II) SEMI FINISHED GOODS,2009-10,2128264
 (iii) FINISHED GOODS,2009-10,9354390
 (IV) TOTAL,2009-10,36184458
GROSS CAPITAL FORMATION,2009-10,33293065
NUMBER OF FACTORIES,2010-11,211660
FIXED CAPITAL,2010-11,160700652
WORKING CAPITAL,2010-11,62036285
INVESTED CAPITAL,2010-11,239358002
OUTSTANDING LOANS,2010-11,82563795
NUMBER OF WORKERS,2010-11,9901970
MANDAYS-WORKERS,2010-11,3035766
NUMBER OF EMPLOYEES,2010-11,12617691
MANDAYS-EMPLOYEES,2010-11,3884964
TOTAL PERSON ENGAGED,2010-11,12694853
WAGES TO WORKERS,2010-11,8564552
TOTAL EMOLUMENTS,2010-11,18329574
OLD AGE BENEFITS,2010-11,1633875
SOCIAL SECURITY BENEFITS,2010-11,1326556
OTHER BENEFITS,2010-11,19542403
FUELS CONSUMED,2010-11,302044142
MATERIAL CONSUMED,2010-11,385108361
TOTAL INPUTS,2010-11,408371845
PRODUCTS,2010-11,467621696
VALUE OF OUTPUT,2010-11,12055754
DEPRECIATION,2010-11,70457581
NET VALUE ADDED,2010-11,1349336
RENT PAID,2010-11,8802079
INTEREST PAID,2010-11,60306166
NET INCOME,2010-11,16309792
NET FIXED CAPITAL FORMATION,2010-11,28365547
ADDITION IN STOCK OF,2010-11,7742594
" (I) MATERIAL,FUELS ETC.",2010-11,2707800
 (II) SEMI FINISHED GOODS,2010-11,5774460
 (iii) FINISHED GOODS,2010-11,16224854
 (IV) TOTAL,2010-11,44590400
GROSS CAPITAL FORMATION,2010-11,39016161
NUMBER OF FACTORIES,2011-12 ,217554
FIXED CAPITAL,2011-12 ,194955088
WORKING CAPITAL,2011-12 ,59107859
INVESTED CAPITAL,2011-12 ,284114733
OUTSTANDING LOANS,2011-12 ,92438166
NUMBER OF WORKERS,2011-12 ,10438156
MANDAYS-WORKERS,2011-12 ,3190232
NUMBER OF EMPLOYEES,2011-12 ,13346243
MANDAYS-EMPLOYEES,2011-12 ,4087324
TOTAL PERSON ENGAGED,2011-12 ,13430483
WAGES TO WORKERS,2011-12 ,10001913
TOTAL EMOLUMENTS,2011-12 ,21509846
OLD AGE BENEFITS,2011-12 ,1813675
SOCIAL SECURITY BENEFITS,2011-12 ,1535156
OTHER BENEFITS,2011-12 ,24243842
FUELS CONSUMED,2011-12 ,374191914
MATERIAL CONSUMED,2011-12 ,479846038
TOTAL INPUTS,2011-12 ,495987634
PRODUCTS,2011-12 ,570366932
VALUE OF OUTPUT,2011-12 ,14065505
DEPRECIATION,2011-12 ,76455389
NET VALUE ADDED,2011-12 ,1619529
RENT PAID,2011-12 ,12065632
INTEREST PAID,2011-12 ,62770228
NET INCOME,2011-12 ,20316875
NET FIXED CAPITAL FORMATION,2011-12 ,34382380
ADDITION IN STOCK OF,2011-12 ,771176
" (I) MATERIAL,FUELS ETC.",2011-12 ,1794022
 (II) SEMI FINISHED GOODS,2011-12 ,3966016
 (iii) FINISHED GOODS,2011-12 ,6531214
 (IV) TOTAL,2011-12 ,40913594
GROSS CAPITAL FORMATION,2011-12 ,37911551
NUMBER OF FACTORIES,2012-13,222120
FIXED CAPITAL,2012-13,218026022
WORKING CAPITAL,2012-13,60341107
INVESTED CAPITAL,2012-13,314411215
OUTSTANDING LOANS,2012-13,107224700
NUMBER OF WORKERS,2012-13,10051626
MANDAYS-WORKERS,2012-13,3048628
NUMBER OF EMPLOYEES,2012-13,12873853
MANDAYS-EMPLOYEES,2012-13,3910879
TOTAL PERSON ENGAGED,2012-13,12950025
WAGES TO WORKERS,2012-13,11089620
TOTAL EMOLUMENTS,2012-13,23805727
OLD AGE BENEFITS,2012-13,2014422
SOCIAL SECURITY BENEFITS,2012-13,1682187
OTHER BENEFITS,2012-13,26754523
FUELS CONSUMED,2012-13,392949410
MATERIAL CONSUMED,2012-13,501866586
TOTAL INPUTS,2012-13,528558114
PRODUCTS,2012-13,602594536
VALUE OF OUTPUT,2012-13,15533081
DEPRECIATION,2012-13,85194869
NET VALUE ADDED,2012-13,1642164
RENT PAID,2012-13,13807327
INTEREST PAID,2012-13,71928627
NET INCOME,2012-13,20219540
NET FIXED CAPITAL FORMATION,2012-13,35752621
ADDITION IN STOCK OF,2012-13,3323215
" (I) MATERIAL,FUELS ETC.",2012-13,1237924
 (II) SEMI FINISHED GOODS,2012-13,4359554
 (iii) FINISHED GOODS,2012-13,8920693
 (IV) TOTAL,2012-13,44673315
GROSS CAPITAL FORMATION,2012-13,44426292
NUMBER OF FACTORIES,2013-14,224576
FIXED CAPITAL,2013-14,237371903
WORKING CAPITAL,2013-14,66268577
INVESTED CAPITAL,2013-14,338455535
OUTSTANDING LOANS,2013-14,122209355
NUMBER OF WORKERS,2013-14,10444404
MANDAYS-WORKERS,2013-14,3163707
NUMBER OF EMPLOYEES,2013-14,13462061
MANDAYS-EMPLOYEES,2013-14,4085342
TOTAL PERSON ENGAGED,2013-14,13538114
WAGES TO WORKERS,2013-14,12649644
TOTAL EMOLUMENTS,2013-14,27241503
OLD AGE BENEFITS,2013-14,2104617
SOCIAL SECURITY BENEFITS,2013-14,1849376
OTHER BENEFITS,2013-14,29850770
FUELS CONSUMED,2013-14,423046161
MATERIAL CONSUMED,2013-14,549013952
TOTAL INPUTS,2013-14,570344878
PRODUCTS,2013-14,655525116
VALUE OF OUTPUT,2013-14,16976977
DEPRECIATION,2013-14,89534187
NET VALUE ADDED,2013-14,1527272
RENT PAID,2013-14,15485061
INTEREST PAID,2013-14,75152048
NET INCOME,2013-14,18396832
NET FIXED CAPITAL FORMATION,2013-14,35373809
ADDITION IN STOCK OF,2013-14,3458978
" (I) MATERIAL,FUELS ETC.",2013-14,1446002
 (II) SEMI FINISHED GOODS,2013-14,1905532
 (iii) FINISHED GOODS,2013-14,6810512
 (IV) TOTAL,2013-14,42184321
GROSS CAPITAL FORMATION,2013-14,43956552
NUMBER OF FACTORIES,2014-15,230435
FIXED CAPITAL,2014-15,247445461
WORKING CAPITAL,2014-15,64084031
INVESTED CAPITAL,2014-15,351396431
OUTSTANDING LOANS,2014-15,115219520
NUMBER OF WORKERS,2014-15,10755288
MANDAYS-WORKERS,2014-15,3262545
NUMBER OF EMPLOYEES,2014-15,13808327
MANDAYS-EMPLOYEES,2014-15,4184357
TOTAL PERSON ENGAGED,2014-15,13881386
WAGES TO WORKERS,2014-15,14048488
TOTAL EMOLUMENTS,2014-15,30741306
OLD AGE BENEFITS,2014-15,2468137
SOCIAL SECURITY BENEFITS,2014-15,1990376
OTHER BENEFITS,2014-15,29900224
FUELS CONSUMED,2014-15,435046973
MATERIAL CONSUMED,2014-15,571910956
TOTAL INPUTS,2014-15,599222193
PRODUCTS,2014-15,688381205
VALUE OF OUTPUT,2014-15,18954077
DEPRECIATION,2014-15,97516172
NET VALUE ADDED,2014-15,1709361
RENT PAID,2014-15,17286008
INTEREST PAID,2014-15,81228119
NET INCOME,2014-15,13405511
NET FIXED CAPITAL FORMATION,2014-15,32359589
ADDITION IN STOCK OF,2014-15,-426370
" (I) MATERIAL,FUELS ETC.",2014-15,788153
 (II) SEMI FINISHED GOODS,2014-15,1740038
 (iii) FINISHED GOODS,2014-15,2101821
 (IV) TOTAL,2014-15,34461410
GROSS CAPITAL FORMATION,2014-15,46028299
NUMBER OF FACTORIES,2015-16,233116
FIXED CAPITAL,2015-16,280964722
WORKING CAPITAL,2015-16,74052998
INVESTED CAPITAL,2015-16,385309984
OUTSTANDING LOANS,2015-16,130931565
NUMBER OF WORKERS,2015-16,11136133
MANDAYS-WORKERS,2015-16,3391712
NUMBER OF EMPLOYEES,2015-16,14227645
MANDAYS-EMPLOYEES,2015-16,4337047
TOTAL PERSON ENGAGED,2015-16,14299710
WAGES TO WORKERS,2015-16,15600116
TOTAL EMOLUMENTS,2015-16,33975074
OLD AGE BENEFITS,2015-16,2639670
SOCIAL SECURITY BENEFITS,2015-16,2231195
OTHER BENEFITS,2015-16,29123488
FUELS CONSUMED,2015-16,415505296
MATERIAL CONSUMED,2015-16,558907407
TOTAL INPUTS,2015-16,595780181
PRODUCTS,2015-16,686235375
VALUE OF OUTPUT,2015-16,20079459
DEPRECIATION,2015-16,107248509
NET VALUE ADDED,2015-16,1774760
RENT PAID,2015-16,18213736
INTEREST PAID,2015-16,90165276
NET INCOME,2015-16,17879299
NET FIXED CAPITAL FORMATION,2015-16,37958758
ADDITION IN STOCK OF,2015-16,-669752
" (I) MATERIAL,FUELS ETC.",2015-16,-147613
 (II) SEMI FINISHED GOODS,2015-16,520827
 (iii) FINISHED GOODS,2015-16,-296538
 (IV) TOTAL,2015-16,37662220
GROSS CAPITAL FORMATION,2015-16,51319338
NUMBER OF FACTORIES,2016-17,234865
FIXED CAPITAL,2016-17,319038649
WORKING CAPITAL,2016-17,66308287
INVESTED CAPITAL,2016-17,429625490
OUTSTANDING LOANS,2016-17,136598063
NUMBER OF WORKERS,2016-17,11662947
MANDAYS-WORKERS,2016-17,3558816
NUMBER OF EMPLOYEES,2016-17,14840929
MANDAYS-EMPLOYEES,2016-17,4533725
TOTAL PERSON ENGAGED,2016-17,14911189
WAGES TO WORKERS,2016-17,17353716
TOTAL EMOLUMENTS,2016-17,37516385
OLD AGE BENEFITS,2016-17,3050272
SOCIAL SECURITY BENEFITS,2016-17,2719479
OTHER BENEFITS,2016-17,30783179
FUELS CONSUMED,2016-17,444512513
MATERIAL CONSUMED,2016-17,589746374
TOTAL INPUTS,2016-17,630679998
PRODUCTS,2016-17,726551423
VALUE OF OUTPUT,2016-17,22213138
DEPRECIATION,2016-17,114591911
NET VALUE ADDED,2016-17,1964321
RENT PAID,2016-17,18940173
INTEREST PAID,2016-17,97221421
NET INCOME,2016-17,14696869
NET FIXED CAPITAL FORMATION,2016-17,36910006
ADDITION IN STOCK OF,2016-17,3103446
" (I) MATERIAL,FUELS ETC.",2016-17,1605491
 (II) SEMI FINISHED GOODS,2016-17,2472152
 (iii) FINISHED GOODS,2016-17,7181089
 (IV) TOTAL,2016-17,44091096
GROSS CAPITAL FORMATION,2016-17,53935285
NUMBER OF FACTORIES,2017-18,237684
FIXED CAPITAL,2017-18,328588927
WORKING CAPITAL,2017-18,64411890
INVESTED CAPITAL,2017-18,446094480
OUTSTANDING LOANS,2017-18,133880064
NUMBER OF WORKERS,2017-18,12224422
MANDAYS-WORKERS,2017-18,3726732
NUMBER OF EMPLOYEES,2017-18,15546199
MANDAYS-EMPLOYEES,2017-18,4744427
TOTAL PERSON ENGAGED,2017-18,15614619
WAGES TO WORKERS,2017-18,19280066
TOTAL EMOLUMENTS,2017-18,41835716
OLD AGE BENEFITS,2017-18,3177266
SOCIAL SECURITY BENEFITS,2017-18,2441562
OTHER BENEFITS,2017-18,34979770
FUELS CONSUMED,2017-18,512401780
MATERIAL CONSUMED,2017-18,660520215
TOTAL INPUTS,2017-18,709617672
PRODUCTS,2017-18,807217258
VALUE OF OUTPUT,2017-18,23729624
DEPRECIATION,2017-18,122967418
NET VALUE ADDED,2017-18,2147363
RENT PAID,2017-18,18768379
INTEREST PAID,2017-18,105078789
NET INCOME,2017-18,7539180
NET FIXED CAPITAL FORMATION,2017-18,31268805
ADDITION IN STOCK OF,2017-18,6440856
" (I) MATERIAL,FUELS ETC.",2017-18,1286576
 (II) SEMI FINISHED GOODS,2017-18,2465600
 (iii) FINISHED GOODS,2017-18,10193032
 (IV) TOTAL,2017-18,41461837
GROSS CAPITAL FORMATION,2017-18,57624246
NUMBER OF FACTORIES,2018-19,242395
FIXED CAPITAL,2018-19,346606975
WORKING CAPITAL,2018-19,80866459
INVESTED CAPITAL,2018-19,477726474
OUTSTANDING LOANS,2018-19,130586929
NUMBER OF WORKERS,2018-19,12798588
MANDAYS-WORKERS,2018-19,3906650
NUMBER OF EMPLOYEES,2018-19,16212214
MANDAYS-EMPLOYEES,2018-19,4941810
TOTAL PERSON ENGAGED,2018-19,16280211
WAGES TO WORKERS,2018-19,21576035
TOTAL EMOLUMENTS,2018-19,46207983
OLD AGE BENEFITS,2018-19,3321022
SOCIAL SECURITY BENEFITS,2018-19,2609115
OTHER BENEFITS,2018-19,40919936
FUELS CONSUMED,2018-19,610743812
MATERIAL CONSUMED,2018-19,774377980
TOTAL INPUTS,2018-19,827944397
PRODUCTS,2018-19,928179908
VALUE OF OUTPUT,2018-19,26155291
DEPRECIATION,2018-19,127646637
NET VALUE ADDED,2018-19,512545
RENT PAID,2018-19,19343714
INTEREST PAID,2018-19,107790378
NET INCOME,2018-19,8310576
NET FIXED CAPITAL FORMATION,2018-19,34465867
ADDITION IN STOCK OF,2018-19,5464698
" (I) MATERIAL,FUELS ETC.",2018-19,1882475
 (II) SEMI FINISHED GOODS,2018-19,6898804
 (iii) FINISHED GOODS,2018-19,14245977
 (IV) TOTAL,2018-19,48711844
GROSS CAPITAL FORMATION,2018-19,55652258
